N,Relative Error Trapezoid,Relative Error Simpson
10,2.1415926535874052,2.142273223884304
20,2.1415926535897922,2.141592653590589
40,2.141592653589796,2.141592653589795
80,2.141592653589794,2.1415926535897936
160,2.141592653589794,2.1415926535897927
320,2.141592653589796,2.14159265358979
640,2.1415926535897936,2.1415926535897927
1280,2.1415926535897962,2.141592653589789
2560,2.141592653589794,2.1415926535897927
