N,Relative Error Trapezoid,Relative Error Simpson
10,2.1415926535874052,2.1422732238843034
20,2.1415926535897936,2.141592653590589
40,2.1415926535897936,2.1415926535897927
80,2.1415926535897936,2.1415926535897936
160,2.1415926535897936,2.1415926535897936
320,2.1415926535897936,2.141592653589794
640,2.1415926535897936,2.141592653589794
1280,2.1415926535897936,2.141592653589794
2560,2.1415926535897936,2.1415926535897936
